<?xml version="1.0" encoding="UTF-8"?>
<!DOCTYPE generatorConfiguration
        PUBLIC "-//mybatis.org//DTD MyBatis Generator Configuration 1.0//EN"
        "http://mybatis.org/dtd/mybatis-generator-config_1_0.dtd">

<generatorConfiguration>

    <context id="mybatis" targetRuntime="MyBatis3">
        <!-- 数据库信息 -->
        <jdbcConnection driverClass="com.mysql.jdbc.Driver"
                        connectionURL="jdbc.url"
                        userId="jdbc.username"
                        password="jdbc.password">
        </jdbcConnection>

        <javaTypeResolver >
            <property name="forceBigDecimals" value="false" />
        </javaTypeResolver>

        <javaModelGenerator targetPackage="com.wswl.entity" targetProject="src/main/java">
            <property name="enableSubPackages" value="true" />
            <property name="trimStrings" value="true" />
        </javaModelGenerator>

        <sqlMapGenerator targetPackage="com.wswl.dao"  targetProject="src/main/java">
            <property name="enableSubPackages" value="true" />
        </sqlMapGenerator>

        <javaClientGenerator type="XMLMAPPER" targetPackage="com.wswl.dao"  targetProject="src/main/resources">
            <property name="enableSubPackages" value="true" />
        </javaClientGenerator>

        <!-- 表名 -->
        <table tableName="test" domainObjectName="Test" ></table>

    </context>
</generatorConfiguration>